<pipespec language="se"
          developer="Divvun"
          copyright=""
          version="0.43"
          contact="Divvun divvun@uit.no"
          default-pipe="smegramrelease"
          depversions="vislcg3 >=1.1.2.12361
                       hfst >= 3.13.0
                       hfst-ospell >= 0.5.0
                       divvun-gramcheck >= 0.2.0">

  <!-- This is the pipeline for the planned release aug. 2019: -->
  <pipeline name="smegramrelease"
            language="se"
            type="Spelling and grammar error">
    <tokenize><tokenizer n="tokeniser-gramcheck-gt-desc.pmhfst"/></tokenize>
    <blanktag>
      <blanktagger n="analyser-gt-whitespace.hfst"/>
    </blanktag>
    <cg><grammar n="valency.bin"/></cg>
    <cg><grammar n="mwe-dis.bin"/></cg>
    <mwesplit/>
    <blanktag>
      <blanktagger n="analyser-gt-errorwhitespace.hfst"/>
    </blanktag>
    <cgspell>
      <lexicon n="acceptor.default.hfst"/>
      <errmodel n="errmodel.default.hfst"/>
    </cgspell>
    <cg><grammar n="grc-disambiguator.bin"/></cg>
    <cg><grammar n="spellchecker.bin"/></cg>
    <cg><grammar n="grammarchecker-release.bin"/></cg>
    <suggest>
      <generator n="generator-gramcheck-gt-norm.hfstol"/>
      <messages n="errors.xml"/>
    </suggest>
  </pipeline>

  <!-- flammie testsz -->

  <pipeline name="smegram"
            language="se"
            type="Spelling and grammar error">
    <tokenize><tokenizer n="tokeniser-gramcheck-gt-desc.pmhfst"/></tokenize>
    <blanktag>
      <blanktagger n="analyser-gt-whitespace.hfst"/>
    </blanktag>
    <cg><grammar n="valency.bin"/></cg>
    <cg><grammar n="mwe-dis.bin"/></cg>
    <mwesplit/>
    <blanktag>
      <blanktagger n="analyser-gt-errorwhitespace.hfst"/>
    </blanktag>
    <cgspell>
      <lexicon n="acceptor.default.hfst"/>
      <errmodel n="errmodel.default.hfst"/>
    </cgspell>
    <cg><grammar n="grc-disambiguator.bin"/></cg>
    <cg><grammar n="spellchecker.bin"/></cg>
    <cg><grammar n="after-speller-disambiguator.bin"/></cg>
    <cg><grammar n="grammarchecker-release.bin"/></cg>
    <suggest>
      <generator n="generator-gramcheck-gt-norm.hfstol"/>
      <messages n="errors.xml"/>
    </suggest>
  </pipeline>

  <!-- This one does only (disambiguation and) spelling: -->
  <!-- This is the one used by Ávvir -->
  <pipeline name="smespell"
            language="se"
            type="Spelling errors only">
    <tokenize><tokenizer n="tokeniser-gramcheck-gt-desc.pmhfst"/></tokenize>
    <cg><grammar n="mwe-dis.bin"/></cg>
    <mwesplit/>
    <cgspell>
      <lexicon  n="acceptor.default.hfst"/>
      <errmodel n="errmodel.default.hfst"/>
    </cgspell>
    <!-- <cg><grammar n="grc-disambiguator.bin"/></cg> -->
    <cg><grammar n="spellchecker.bin"/></cg>
    <suggest>
      <generator n="generator-gramcheck-gt-norm.hfstol"/>
      <messages n="errors.xml"/>
    </suggest>
  </pipeline>

  <pipeline name="smegram-nospell"
            language="se"
            type="Grammar error without spellchecking">
    <tokenize><tokenizer n="tokeniser-gramcheck-gt-desc.pmhfst"/></tokenize>
    <blanktag>
      <blanktagger n="analyser-gt-whitespace.hfst"/>
    </blanktag>
    <cg><grammar n="valency.bin"/></cg>
    <cg><grammar n="mwe-dis.bin"/></cg>
    <mwesplit/>
    <blanktag>
      <blanktagger n="analyser-gt-errorwhitespace.hfst"/>
    </blanktag>
    <cg><grammar n="grc-disambiguator.bin"/></cg>
    <cg><grammar n="spellchecker.bin"/></cg>
    <cg><grammar n="after-speller-disambiguator.bin"/></cg>
    <cg><grammar n="grammarchecker.bin"/></cg>
    <suggest>
      <generator n="generator-gramcheck-gt-norm.hfstol"/>
      <messages n="errors.xml"/>
    </suggest>
  </pipeline>

</pipespec>
